quote,author
The unexamined life is not worth living. #1,Socrates
Happiness depends upon ourselves. #1,Aristotle
Life must be understood backward. But it must be lived forward. #1,Søren Kierkegaard
He who has a why to live can bear almost any how. #1,Friedrich Nietzsche
"I think, therefore I am. #1",René Descartes
Man is condemned to be free. #1,Jean-Paul Sartre
The only thing I know is that I know nothing. #1,Socrates
God is dead. God remains dead. And we have killed him. #1,Friedrich Nietzsche
Liberty is the freedom to say that two plus two make four. #1,George Orwell
"We are what we repeatedly do. Excellence, then, is not an act, but a habit. #1",Aristotle
The unexamined life is not worth living. #2,Socrates
Happiness depends upon ourselves. #2,Aristotle
Life must be understood backward. But it must be lived forward. #2,Søren Kierkegaard
He who has a why to live can bear almost any how. #2,Friedrich Nietzsche
"I think, therefore I am. #2",René Descartes
Man is condemned to be free. #2,Jean-Paul Sartre
The only thing I know is that I know nothing. #2,Socrates
God is dead. God remains dead. And we have killed him. #2,Friedrich Nietzsche
Liberty is the freedom to say that two plus two make four. #2,George Orwell
"We are what we repeatedly do. Excellence, then, is not an act, but a habit. #2",Aristotle
The unexamined life is not worth living. #3,Socrates
Happiness depends upon ourselves. #3,Aristotle
Life must be understood backward. But it must be lived forward. #3,Søren Kierkegaard
He who has a why to live can bear almost any how. #3,Friedrich Nietzsche
"I think, therefore I am. #3",René Descartes
Man is condemned to be free. #3,Jean-Paul Sartre
The only thing I know is that I know nothing. #3,Socrates
God is dead. God remains dead. And we have killed him. #3,Friedrich Nietzsche
Liberty is the freedom to say that two plus two make four. #3,George Orwell
"We are what we repeatedly do. Excellence, then, is not an act, but a habit. #3",Aristotle
The unexamined life is not worth living. #4,Socrates
Happiness depends upon ourselves. #4,Aristotle
Life must be understood backward. But it must be lived forward. #4,Søren Kierkegaard
He who has a why to live can bear almost any how. #4,Friedrich Nietzsche
"I think, therefore I am. #4",René Descartes
Man is condemned to be free. #4,Jean-Paul Sartre
The only thing I know is that I know nothing. #4,Socrates
God is dead. God remains dead. And we have killed him. #4,Friedrich Nietzsche
Liberty is the freedom to say that two plus two make four. #4,George Orwell
"We are what we repeatedly do. Excellence, then, is not an act, but a habit. #4",Aristotle
The unexamined life is not worth living. #5,Socrates
Happiness depends upon ourselves. #5,Aristotle
Life must be understood backward. But it must be lived forward. #5,Søren Kierkegaard
He who has a why to live can bear almost any how. #5,Friedrich Nietzsche
"I think, therefore I am. #5",René Descartes
Man is condemned to be free. #5,Jean-Paul Sartre
The only thing I know is that I know nothing. #5,Socrates
God is dead. God remains dead. And we have killed him. #5,Friedrich Nietzsche
Liberty is the freedom to say that two plus two make four. #5,George Orwell
"We are what we repeatedly do. Excellence, then, is not an act, but a habit. #5",Aristotle
The unexamined life is not worth living. #6,Socrates
Happiness depends upon ourselves. #6,Aristotle
Life must be understood backward. But it must be lived forward. #6,Søren Kierkegaard
He who has a why to live can bear almost any how. #6,Friedrich Nietzsche
"I think, therefore I am. #6",René Descartes
Man is condemned to be free. #6,Jean-Paul Sartre
The only thing I know is that I know nothing. #6,Socrates
God is dead. God remains dead. And we have killed him. #6,Friedrich Nietzsche
Liberty is the freedom to say that two plus two make four. #6,George Orwell
"We are what we repeatedly do. Excellence, then, is not an act, but a habit. #6",Aristotle
The unexamined life is not worth living. #7,Socrates
Happiness depends upon ourselves. #7,Aristotle
Life must be understood backward. But it must be lived forward. #7,Søren Kierkegaard
He who has a why to live can bear almost any how. #7,Friedrich Nietzsche
"I think, therefore I am. #7",René Descartes
Man is condemned to be free. #7,Jean-Paul Sartre
The only thing I know is that I know nothing. #7,Socrates
God is dead. God remains dead. And we have killed him. #7,Friedrich Nietzsche
Liberty is the freedom to say that two plus two make four. #7,George Orwell
"We are what we repeatedly do. Excellence, then, is not an act, but a habit. #7",Aristotle
The unexamined life is not worth living. #8,Socrates
Happiness depends upon ourselves. #8,Aristotle
Life must be understood backward. But it must be lived forward. #8,Søren Kierkegaard
He who has a why to live can bear almost any how. #8,Friedrich Nietzsche
"I think, therefore I am. #8",René Descartes
Man is condemned to be free. #8,Jean-Paul Sartre
The only thing I know is that I know nothing. #8,Socrates
God is dead. God remains dead. And we have killed him. #8,Friedrich Nietzsche
Liberty is the freedom to say that two plus two make four. #8,George Orwell
"We are what we repeatedly do. Excellence, then, is not an act, but a habit. #8",Aristotle
The unexamined life is not worth living. #9,Socrates
Happiness depends upon ourselves. #9,Aristotle
Life must be understood backward. But it must be lived forward. #9,Søren Kierkegaard
He who has a why to live can bear almost any how. #9,Friedrich Nietzsche
"I think, therefore I am. #9",René Descartes
Man is condemned to be free. #9,Jean-Paul Sartre
The only thing I know is that I know nothing. #9,Socrates
God is dead. God remains dead. And we have killed him. #9,Friedrich Nietzsche
Liberty is the freedom to say that two plus two make four. #9,George Orwell
"We are what we repeatedly do. Excellence, then, is not an act, but a habit. #9",Aristotle
The unexamined life is not worth living. #10,Socrates
Happiness depends upon ourselves. #10,Aristotle
Life must be understood backward. But it must be lived forward. #10,Søren Kierkegaard
He who has a why to live can bear almost any how. #10,Friedrich Nietzsche
"I think, therefore I am. #10",René Descartes
Man is condemned to be free. #10,Jean-Paul Sartre
The only thing I know is that I know nothing. #10,Socrates
God is dead. God remains dead. And we have killed him. #10,Friedrich Nietzsche
Liberty is the freedom to say that two plus two make four. #10,George Orwell
"We are what we repeatedly do. Excellence, then, is not an act, but a habit. #10",Aristotle
The unexamined life is not worth living. #11,Socrates
Happiness depends upon ourselves. #11,Aristotle
Life must be understood backward. But it must be lived forward. #11,Søren Kierkegaard
He who has a why to live can bear almost any how. #11,Friedrich Nietzsche
"I think, therefore I am. #11",René Descartes
Man is condemned to be free. #11,Jean-Paul Sartre
The only thing I know is that I know nothing. #11,Socrates
God is dead. God remains dead. And we have killed him. #11,Friedrich Nietzsche
Liberty is the freedom to say that two plus two make four. #11,George Orwell
"We are what we repeatedly do. Excellence, then, is not an act, but a habit. #11",Aristotle
The unexamined life is not worth living. #12,Socrates
Happiness depends upon ourselves. #12,Aristotle
Life must be understood backward. But it must be lived forward. #12,Søren Kierkegaard
He who has a why to live can bear almost any how. #12,Friedrich Nietzsche
"I think, therefore I am. #12",René Descartes
Man is condemned to be free. #12,Jean-Paul Sartre
The only thing I know is that I know nothing. #12,Socrates
God is dead. God remains dead. And we have killed him. #12,Friedrich Nietzsche
Liberty is the freedom to say that two plus two make four. #12,George Orwell
"We are what we repeatedly do. Excellence, then, is not an act, but a habit. #12",Aristotle
The unexamined life is not worth living. #13,Socrates
Happiness depends upon ourselves. #13,Aristotle
Life must be understood backward. But it must be lived forward. #13,Søren Kierkegaard
He who has a why to live can bear almost any how. #13,Friedrich Nietzsche
"I think, therefore I am. #13",René Descartes
Man is condemned to be free. #13,Jean-Paul Sartre
The only thing I know is that I know nothing. #13,Socrates
God is dead. God remains dead. And we have killed him. #13,Friedrich Nietzsche
Liberty is the freedom to say that two plus two make four. #13,George Orwell
"We are what we repeatedly do. Excellence, then, is not an act, but a habit. #13",Aristotle
The unexamined life is not worth living. #14,Socrates
Happiness depends upon ourselves. #14,Aristotle
Life must be understood backward. But it must be lived forward. #14,Søren Kierkegaard
He who has a why to live can bear almost any how. #14,Friedrich Nietzsche
"I think, therefore I am. #14",René Descartes
Man is condemned to be free. #14,Jean-Paul Sartre
The only thing I know is that I know nothing. #14,Socrates
God is dead. God remains dead. And we have killed him. #14,Friedrich Nietzsche
Liberty is the freedom to say that two plus two make four. #14,George Orwell
"We are what we repeatedly do. Excellence, then, is not an act, but a habit. #14",Aristotle
The unexamined life is not worth living. #15,Socrates
Happiness depends upon ourselves. #15,Aristotle
Life must be understood backward. But it must be lived forward. #15,Søren Kierkegaard
He who has a why to live can bear almost any how. #15,Friedrich Nietzsche
"I think, therefore I am. #15",René Descartes
Man is condemned to be free. #15,Jean-Paul Sartre
The only thing I know is that I know nothing. #15,Socrates
God is dead. God remains dead. And we have killed him. #15,Friedrich Nietzsche
Liberty is the freedom to say that two plus two make four. #15,George Orwell
"We are what we repeatedly do. Excellence, then, is not an act, but a habit. #15",Aristotle
The unexamined life is not worth living. #16,Socrates
Happiness depends upon ourselves. #16,Aristotle
Life must be understood backward. But it must be lived forward. #16,Søren Kierkegaard
He who has a why to live can bear almost any how. #16,Friedrich Nietzsche
"I think, therefore I am. #16",René Descartes
Man is condemned to be free. #16,Jean-Paul Sartre
The only thing I know is that I know nothing. #16,Socrates
God is dead. God remains dead. And we have killed him. #16,Friedrich Nietzsche
Liberty is the freedom to say that two plus two make four. #16,George Orwell
"We are what we repeatedly do. Excellence, then, is not an act, but a habit. #16",Aristotle
The unexamined life is not worth living. #17,Socrates
Happiness depends upon ourselves. #17,Aristotle
Life must be understood backward. But it must be lived forward. #17,Søren Kierkegaard
He who has a why to live can bear almost any how. #17,Friedrich Nietzsche
"I think, therefore I am. #17",René Descartes
Man is condemned to be free. #17,Jean-Paul Sartre
The only thing I know is that I know nothing. #17,Socrates
God is dead. God remains dead. And we have killed him. #17,Friedrich Nietzsche
Liberty is the freedom to say that two plus two make four. #17,George Orwell
"We are what we repeatedly do. Excellence, then, is not an act, but a habit. #17",Aristotle
The unexamined life is not worth living. #18,Socrates
Happiness depends upon ourselves. #18,Aristotle
Life must be understood backward. But it must be lived forward. #18,Søren Kierkegaard
He who has a why to live can bear almost any how. #18,Friedrich Nietzsche
"I think, therefore I am. #18",René Descartes
Man is condemned to be free. #18,Jean-Paul Sartre
The only thing I know is that I know nothing. #18,Socrates
God is dead. God remains dead. And we have killed him. #18,Friedrich Nietzsche
Liberty is the freedom to say that two plus two make four. #18,George Orwell
"We are what we repeatedly do. Excellence, then, is not an act, but a habit. #18",Aristotle
The unexamined life is not worth living. #19,Socrates
Happiness depends upon ourselves. #19,Aristotle
Life must be understood backward. But it must be lived forward. #19,Søren Kierkegaard
He who has a why to live can bear almost any how. #19,Friedrich Nietzsche
"I think, therefore I am. #19",René Descartes
Man is condemned to be free. #19,Jean-Paul Sartre
The only thing I know is that I know nothing. #19,Socrates
God is dead. God remains dead. And we have killed him. #19,Friedrich Nietzsche
Liberty is the freedom to say that two plus two make four. #19,George Orwell
"We are what we repeatedly do. Excellence, then, is not an act, but a habit. #19",Aristotle
The unexamined life is not worth living. #20,Socrates
Happiness depends upon ourselves. #20,Aristotle
Life must be understood backward. But it must be lived forward. #20,Søren Kierkegaard
He who has a why to live can bear almost any how. #20,Friedrich Nietzsche
"I think, therefore I am. #20",René Descartes
Man is condemned to be free. #20,Jean-Paul Sartre
The only thing I know is that I know nothing. #20,Socrates
God is dead. God remains dead. And we have killed him. #20,Friedrich Nietzsche
Liberty is the freedom to say that two plus two make four. #20,George Orwell
"We are what we repeatedly do. Excellence, then, is not an act, but a habit. #20",Aristotle
The unexamined life is not worth living. #21,Socrates
Happiness depends upon ourselves. #21,Aristotle
Life must be understood backward. But it must be lived forward. #21,Søren Kierkegaard
He who has a why to live can bear almost any how. #21,Friedrich Nietzsche
"I think, therefore I am. #21",René Descartes
Man is condemned to be free. #21,Jean-Paul Sartre
The only thing I know is that I know nothing. #21,Socrates
God is dead. God remains dead. And we have killed him. #21,Friedrich Nietzsche
Liberty is the freedom to say that two plus two make four. #21,George Orwell
"We are what we repeatedly do. Excellence, then, is not an act, but a habit. #21",Aristotle
The unexamined life is not worth living. #22,Socrates
Happiness depends upon ourselves. #22,Aristotle
Life must be understood backward. But it must be lived forward. #22,Søren Kierkegaard
He who has a why to live can bear almost any how. #22,Friedrich Nietzsche
"I think, therefore I am. #22",René Descartes
Man is condemned to be free. #22,Jean-Paul Sartre
The only thing I know is that I know nothing. #22,Socrates
God is dead. God remains dead. And we have killed him. #22,Friedrich Nietzsche
Liberty is the freedom to say that two plus two make four. #22,George Orwell
"We are what we repeatedly do. Excellence, then, is not an act, but a habit. #22",Aristotle
The unexamined life is not worth living. #23,Socrates
Happiness depends upon ourselves. #23,Aristotle
Life must be understood backward. But it must be lived forward. #23,Søren Kierkegaard
He who has a why to live can bear almost any how. #23,Friedrich Nietzsche
"I think, therefore I am. #23",René Descartes
Man is condemned to be free. #23,Jean-Paul Sartre
The only thing I know is that I know nothing. #23,Socrates
God is dead. God remains dead. And we have killed him. #23,Friedrich Nietzsche
Liberty is the freedom to say that two plus two make four. #23,George Orwell
"We are what we repeatedly do. Excellence, then, is not an act, but a habit. #23",Aristotle
The unexamined life is not worth living. #24,Socrates
Happiness depends upon ourselves. #24,Aristotle
Life must be understood backward. But it must be lived forward. #24,Søren Kierkegaard
He who has a why to live can bear almost any how. #24,Friedrich Nietzsche
"I think, therefore I am. #24",René Descartes
Man is condemned to be free. #24,Jean-Paul Sartre
The only thing I know is that I know nothing. #24,Socrates
God is dead. God remains dead. And we have killed him. #24,Friedrich Nietzsche
Liberty is the freedom to say that two plus two make four. #24,George Orwell
"We are what we repeatedly do. Excellence, then, is not an act, but a habit. #24",Aristotle
The unexamined life is not worth living. #25,Socrates
Happiness depends upon ourselves. #25,Aristotle
Life must be understood backward. But it must be lived forward. #25,Søren Kierkegaard
He who has a why to live can bear almost any how. #25,Friedrich Nietzsche
"I think, therefore I am. #25",René Descartes
Man is condemned to be free. #25,Jean-Paul Sartre
The only thing I know is that I know nothing. #25,Socrates
God is dead. God remains dead. And we have killed him. #25,Friedrich Nietzsche
Liberty is the freedom to say that two plus two make four. #25,George Orwell
"We are what we repeatedly do. Excellence, then, is not an act, but a habit. #25",Aristotle
The unexamined life is not worth living. #26,Socrates
Happiness depends upon ourselves. #26,Aristotle
Life must be understood backward. But it must be lived forward. #26,Søren Kierkegaard
He who has a why to live can bear almost any how. #26,Friedrich Nietzsche
"I think, therefore I am. #26",René Descartes
Man is condemned to be free. #26,Jean-Paul Sartre
The only thing I know is that I know nothing. #26,Socrates
God is dead. God remains dead. And we have killed him. #26,Friedrich Nietzsche
Liberty is the freedom to say that two plus two make four. #26,George Orwell
"We are what we repeatedly do. Excellence, then, is not an act, but a habit. #26",Aristotle
The unexamined life is not worth living. #27,Socrates
Happiness depends upon ourselves. #27,Aristotle
Life must be understood backward. But it must be lived forward. #27,Søren Kierkegaard
He who has a why to live can bear almost any how. #27,Friedrich Nietzsche
"I think, therefore I am. #27",René Descartes
Man is condemned to be free. #27,Jean-Paul Sartre
The only thing I know is that I know nothing. #27,Socrates
God is dead. God remains dead. And we have killed him. #27,Friedrich Nietzsche
Liberty is the freedom to say that two plus two make four. #27,George Orwell
"We are what we repeatedly do. Excellence, then, is not an act, but a habit. #27",Aristotle
The unexamined life is not worth living. #28,Socrates
Happiness depends upon ourselves. #28,Aristotle
Life must be understood backward. But it must be lived forward. #28,Søren Kierkegaard
He who has a why to live can bear almost any how. #28,Friedrich Nietzsche
"I think, therefore I am. #28",René Descartes
Man is condemned to be free. #28,Jean-Paul Sartre
The only thing I know is that I know nothing. #28,Socrates
God is dead. God remains dead. And we have killed him. #28,Friedrich Nietzsche
Liberty is the freedom to say that two plus two make four. #28,George Orwell
"We are what we repeatedly do. Excellence, then, is not an act, but a habit. #28",Aristotle
The unexamined life is not worth living. #29,Socrates
Happiness depends upon ourselves. #29,Aristotle
Life must be understood backward. But it must be lived forward. #29,Søren Kierkegaard
He who has a why to live can bear almost any how. #29,Friedrich Nietzsche
"I think, therefore I am. #29",René Descartes
Man is condemned to be free. #29,Jean-Paul Sartre
The only thing I know is that I know nothing. #29,Socrates
God is dead. God remains dead. And we have killed him. #29,Friedrich Nietzsche
Liberty is the freedom to say that two plus two make four. #29,George Orwell
"We are what we repeatedly do. Excellence, then, is not an act, but a habit. #29",Aristotle
The unexamined life is not worth living. #30,Socrates
Happiness depends upon ourselves. #30,Aristotle
Life must be understood backward. But it must be lived forward. #30,Søren Kierkegaard
He who has a why to live can bear almost any how. #30,Friedrich Nietzsche
"I think, therefore I am. #30",René Descartes
Man is condemned to be free. #30,Jean-Paul Sartre
The only thing I know is that I know nothing. #30,Socrates
God is dead. God remains dead. And we have killed him. #30,Friedrich Nietzsche
Liberty is the freedom to say that two plus two make four. #30,George Orwell
"We are what we repeatedly do. Excellence, then, is not an act, but a habit. #30",Aristotle
The unexamined life is not worth living. #31,Socrates
Happiness depends upon ourselves. #31,Aristotle
Life must be understood backward. But it must be lived forward. #31,Søren Kierkegaard
He who has a why to live can bear almost any how. #31,Friedrich Nietzsche
"I think, therefore I am. #31",René Descartes
Man is condemned to be free. #31,Jean-Paul Sartre
The only thing I know is that I know nothing. #31,Socrates
God is dead. God remains dead. And we have killed him. #31,Friedrich Nietzsche
Liberty is the freedom to say that two plus two make four. #31,George Orwell
"We are what we repeatedly do. Excellence, then, is not an act, but a habit. #31",Aristotle
The unexamined life is not worth living. #32,Socrates
Happiness depends upon ourselves. #32,Aristotle
Life must be understood backward. But it must be lived forward. #32,Søren Kierkegaard
He who has a why to live can bear almost any how. #32,Friedrich Nietzsche
"I think, therefore I am. #32",René Descartes
Man is condemned to be free. #32,Jean-Paul Sartre
The only thing I know is that I know nothing. #32,Socrates
God is dead. God remains dead. And we have killed him. #32,Friedrich Nietzsche
Liberty is the freedom to say that two plus two make four. #32,George Orwell
"We are what we repeatedly do. Excellence, then, is not an act, but a habit. #32",Aristotle
The unexamined life is not worth living. #33,Socrates
Happiness depends upon ourselves. #33,Aristotle
Life must be understood backward. But it must be lived forward. #33,Søren Kierkegaard
He who has a why to live can bear almost any how. #33,Friedrich Nietzsche
"I think, therefore I am. #33",René Descartes
Man is condemned to be free. #33,Jean-Paul Sartre
The only thing I know is that I know nothing. #33,Socrates
God is dead. God remains dead. And we have killed him. #33,Friedrich Nietzsche
Liberty is the freedom to say that two plus two make four. #33,George Orwell
"We are what we repeatedly do. Excellence, then, is not an act, but a habit. #33",Aristotle
The unexamined life is not worth living. #34,Socrates
Happiness depends upon ourselves. #34,Aristotle
Life must be understood backward. But it must be lived forward. #34,Søren Kierkegaard
He who has a why to live can bear almost any how. #34,Friedrich Nietzsche
"I think, therefore I am. #34",René Descartes
Man is condemned to be free. #34,Jean-Paul Sartre
The only thing I know is that I know nothing. #34,Socrates
God is dead. God remains dead. And we have killed him. #34,Friedrich Nietzsche
Liberty is the freedom to say that two plus two make four. #34,George Orwell
"We are what we repeatedly do. Excellence, then, is not an act, but a habit. #34",Aristotle
The unexamined life is not worth living. #35,Socrates
Happiness depends upon ourselves. #35,Aristotle
Life must be understood backward. But it must be lived forward. #35,Søren Kierkegaard
He who has a why to live can bear almost any how. #35,Friedrich Nietzsche
"I think, therefore I am. #35",René Descartes
Man is condemned to be free. #35,Jean-Paul Sartre
The only thing I know is that I know nothing. #35,Socrates
God is dead. God remains dead. And we have killed him. #35,Friedrich Nietzsche
Liberty is the freedom to say that two plus two make four. #35,George Orwell
"We are what we repeatedly do. Excellence, then, is not an act, but a habit. #35",Aristotle
The unexamined life is not worth living. #36,Socrates
Happiness depends upon ourselves. #36,Aristotle
Life must be understood backward. But it must be lived forward. #36,Søren Kierkegaard
He who has a why to live can bear almost any how. #36,Friedrich Nietzsche
"I think, therefore I am. #36",René Descartes
Man is condemned to be free. #36,Jean-Paul Sartre
The only thing I know is that I know nothing. #36,Socrates
God is dead. God remains dead. And we have killed him. #36,Friedrich Nietzsche
Liberty is the freedom to say that two plus two make four. #36,George Orwell
"We are what we repeatedly do. Excellence, then, is not an act, but a habit. #36",Aristotle
The unexamined life is not worth living. #37,Socrates
Happiness depends upon ourselves. #37,Aristotle
Life must be understood backward. But it must be lived forward. #37,Søren Kierkegaard
He who has a why to live can bear almost any how. #37,Friedrich Nietzsche
"I think, therefore I am. #37",René Descartes
Man is condemned to be free. #37,Jean-Paul Sartre
The only thing I know is that I know nothing. #37,Socrates
God is dead. God remains dead. And we have killed him. #37,Friedrich Nietzsche
Liberty is the freedom to say that two plus two make four. #37,George Orwell
"We are what we repeatedly do. Excellence, then, is not an act, but a habit. #37",Aristotle
The unexamined life is not worth living. #38,Socrates
Happiness depends upon ourselves. #38,Aristotle
Life must be understood backward. But it must be lived forward. #38,Søren Kierkegaard
He who has a why to live can bear almost any how. #38,Friedrich Nietzsche
"I think, therefore I am. #38",René Descartes
Man is condemned to be free. #38,Jean-Paul Sartre
The only thing I know is that I know nothing. #38,Socrates
God is dead. God remains dead. And we have killed him. #38,Friedrich Nietzsche
Liberty is the freedom to say that two plus two make four. #38,George Orwell
"We are what we repeatedly do. Excellence, then, is not an act, but a habit. #38",Aristotle
The unexamined life is not worth living. #39,Socrates
Happiness depends upon ourselves. #39,Aristotle
Life must be understood backward. But it must be lived forward. #39,Søren Kierkegaard
He who has a why to live can bear almost any how. #39,Friedrich Nietzsche
"I think, therefore I am. #39",René Descartes
Man is condemned to be free. #39,Jean-Paul Sartre
The only thing I know is that I know nothing. #39,Socrates
God is dead. God remains dead. And we have killed him. #39,Friedrich Nietzsche
Liberty is the freedom to say that two plus two make four. #39,George Orwell
"We are what we repeatedly do. Excellence, then, is not an act, but a habit. #39",Aristotle
The unexamined life is not worth living. #40,Socrates
Happiness depends upon ourselves. #40,Aristotle
Life must be understood backward. But it must be lived forward. #40,Søren Kierkegaard
He who has a why to live can bear almost any how. #40,Friedrich Nietzsche
"I think, therefore I am. #40",René Descartes
Man is condemned to be free. #40,Jean-Paul Sartre
The only thing I know is that I know nothing. #40,Socrates
God is dead. God remains dead. And we have killed him. #40,Friedrich Nietzsche
Liberty is the freedom to say that two plus two make four. #40,George Orwell
"We are what we repeatedly do. Excellence, then, is not an act, but a habit. #40",Aristotle
The unexamined life is not worth living. #41,Socrates
Happiness depends upon ourselves. #41,Aristotle
Life must be understood backward. But it must be lived forward. #41,Søren Kierkegaard
He who has a why to live can bear almost any how. #41,Friedrich Nietzsche
"I think, therefore I am. #41",René Descartes
Man is condemned to be free. #41,Jean-Paul Sartre
The only thing I know is that I know nothing. #41,Socrates
God is dead. God remains dead. And we have killed him. #41,Friedrich Nietzsche
Liberty is the freedom to say that two plus two make four. #41,George Orwell
"We are what we repeatedly do. Excellence, then, is not an act, but a habit. #41",Aristotle
The unexamined life is not worth living. #42,Socrates
Happiness depends upon ourselves. #42,Aristotle
Life must be understood backward. But it must be lived forward. #42,Søren Kierkegaard
He who has a why to live can bear almost any how. #42,Friedrich Nietzsche
"I think, therefore I am. #42",René Descartes
Man is condemned to be free. #42,Jean-Paul Sartre
The only thing I know is that I know nothing. #42,Socrates
God is dead. God remains dead. And we have killed him. #42,Friedrich Nietzsche
Liberty is the freedom to say that two plus two make four. #42,George Orwell
"We are what we repeatedly do. Excellence, then, is not an act, but a habit. #42",Aristotle
The unexamined life is not worth living. #43,Socrates
Happiness depends upon ourselves. #43,Aristotle
Life must be understood backward. But it must be lived forward. #43,Søren Kierkegaard
He who has a why to live can bear almost any how. #43,Friedrich Nietzsche
"I think, therefore I am. #43",René Descartes
Man is condemned to be free. #43,Jean-Paul Sartre
The only thing I know is that I know nothing. #43,Socrates
God is dead. God remains dead. And we have killed him. #43,Friedrich Nietzsche
Liberty is the freedom to say that two plus two make four. #43,George Orwell
"We are what we repeatedly do. Excellence, then, is not an act, but a habit. #43",Aristotle
The unexamined life is not worth living. #44,Socrates
Happiness depends upon ourselves. #44,Aristotle
Life must be understood backward. But it must be lived forward. #44,Søren Kierkegaard
He who has a why to live can bear almost any how. #44,Friedrich Nietzsche
"I think, therefore I am. #44",René Descartes
Man is condemned to be free. #44,Jean-Paul Sartre
The only thing I know is that I know nothing. #44,Socrates
God is dead. God remains dead. And we have killed him. #44,Friedrich Nietzsche
Liberty is the freedom to say that two plus two make four. #44,George Orwell
"We are what we repeatedly do. Excellence, then, is not an act, but a habit. #44",Aristotle
The unexamined life is not worth living. #45,Socrates
Happiness depends upon ourselves. #45,Aristotle
Life must be understood backward. But it must be lived forward. #45,Søren Kierkegaard
He who has a why to live can bear almost any how. #45,Friedrich Nietzsche
"I think, therefore I am. #45",René Descartes
Man is condemned to be free. #45,Jean-Paul Sartre
The only thing I know is that I know nothing. #45,Socrates
God is dead. God remains dead. And we have killed him. #45,Friedrich Nietzsche
Liberty is the freedom to say that two plus two make four. #45,George Orwell
"We are what we repeatedly do. Excellence, then, is not an act, but a habit. #45",Aristotle
The unexamined life is not worth living. #46,Socrates
Happiness depends upon ourselves. #46,Aristotle
Life must be understood backward. But it must be lived forward. #46,Søren Kierkegaard
He who has a why to live can bear almost any how. #46,Friedrich Nietzsche
"I think, therefore I am. #46",René Descartes
Man is condemned to be free. #46,Jean-Paul Sartre
The only thing I know is that I know nothing. #46,Socrates
God is dead. God remains dead. And we have killed him. #46,Friedrich Nietzsche
Liberty is the freedom to say that two plus two make four. #46,George Orwell
"We are what we repeatedly do. Excellence, then, is not an act, but a habit. #46",Aristotle
The unexamined life is not worth living. #47,Socrates
Happiness depends upon ourselves. #47,Aristotle
Life must be understood backward. But it must be lived forward. #47,Søren Kierkegaard
He who has a why to live can bear almost any how. #47,Friedrich Nietzsche
"I think, therefore I am. #47",René Descartes
Man is condemned to be free. #47,Jean-Paul Sartre
The only thing I know is that I know nothing. #47,Socrates
God is dead. God remains dead. And we have killed him. #47,Friedrich Nietzsche
Liberty is the freedom to say that two plus two make four. #47,George Orwell
"We are what we repeatedly do. Excellence, then, is not an act, but a habit. #47",Aristotle
The unexamined life is not worth living. #48,Socrates
Happiness depends upon ourselves. #48,Aristotle
Life must be understood backward. But it must be lived forward. #48,Søren Kierkegaard
He who has a why to live can bear almost any how. #48,Friedrich Nietzsche
"I think, therefore I am. #48",René Descartes
Man is condemned to be free. #48,Jean-Paul Sartre
The only thing I know is that I know nothing. #48,Socrates
God is dead. God remains dead. And we have killed him. #48,Friedrich Nietzsche
Liberty is the freedom to say that two plus two make four. #48,George Orwell
"We are what we repeatedly do. Excellence, then, is not an act, but a habit. #48",Aristotle
The unexamined life is not worth living. #49,Socrates
Happiness depends upon ourselves. #49,Aristotle
Life must be understood backward. But it must be lived forward. #49,Søren Kierkegaard
He who has a why to live can bear almost any how. #49,Friedrich Nietzsche
"I think, therefore I am. #49",René Descartes
Man is condemned to be free. #49,Jean-Paul Sartre
The only thing I know is that I know nothing. #49,Socrates
God is dead. God remains dead. And we have killed him. #49,Friedrich Nietzsche
Liberty is the freedom to say that two plus two make four. #49,George Orwell
"We are what we repeatedly do. Excellence, then, is not an act, but a habit. #49",Aristotle
The unexamined life is not worth living. #50,Socrates
Happiness depends upon ourselves. #50,Aristotle
Life must be understood backward. But it must be lived forward. #50,Søren Kierkegaard
He who has a why to live can bear almost any how. #50,Friedrich Nietzsche
"I think, therefore I am. #50",René Descartes
Man is condemned to be free. #50,Jean-Paul Sartre
The only thing I know is that I know nothing. #50,Socrates
God is dead. God remains dead. And we have killed him. #50,Friedrich Nietzsche
Liberty is the freedom to say that two plus two make four. #50,George Orwell
"We are what we repeatedly do. Excellence, then, is not an act, but a habit. #50",Aristotle
The unexamined life is not worth living. #51,Socrates
Happiness depends upon ourselves. #51,Aristotle
Life must be understood backward. But it must be lived forward. #51,Søren Kierkegaard
He who has a why to live can bear almost any how. #51,Friedrich Nietzsche
"I think, therefore I am. #51",René Descartes
Man is condemned to be free. #51,Jean-Paul Sartre
The only thing I know is that I know nothing. #51,Socrates
God is dead. God remains dead. And we have killed him. #51,Friedrich Nietzsche
Liberty is the freedom to say that two plus two make four. #51,George Orwell
"We are what we repeatedly do. Excellence, then, is not an act, but a habit. #51",Aristotle
The unexamined life is not worth living. #52,Socrates
Happiness depends upon ourselves. #52,Aristotle
Life must be understood backward. But it must be lived forward. #52,Søren Kierkegaard
He who has a why to live can bear almost any how. #52,Friedrich Nietzsche
"I think, therefore I am. #52",René Descartes
Man is condemned to be free. #52,Jean-Paul Sartre
The only thing I know is that I know nothing. #52,Socrates
God is dead. God remains dead. And we have killed him. #52,Friedrich Nietzsche
Liberty is the freedom to say that two plus two make four. #52,George Orwell
"We are what we repeatedly do. Excellence, then, is not an act, but a habit. #52",Aristotle
The unexamined life is not worth living. #53,Socrates
Happiness depends upon ourselves. #53,Aristotle
Life must be understood backward. But it must be lived forward. #53,Søren Kierkegaard
He who has a why to live can bear almost any how. #53,Friedrich Nietzsche
"I think, therefore I am. #53",René Descartes
Man is condemned to be free. #53,Jean-Paul Sartre
The only thing I know is that I know nothing. #53,Socrates
God is dead. God remains dead. And we have killed him. #53,Friedrich Nietzsche
Liberty is the freedom to say that two plus two make four. #53,George Orwell
"We are what we repeatedly do. Excellence, then, is not an act, but a habit. #53",Aristotle
The unexamined life is not worth living. #54,Socrates
Happiness depends upon ourselves. #54,Aristotle
Life must be understood backward. But it must be lived forward. #54,Søren Kierkegaard
He who has a why to live can bear almost any how. #54,Friedrich Nietzsche
"I think, therefore I am. #54",René Descartes
Man is condemned to be free. #54,Jean-Paul Sartre
The only thing I know is that I know nothing. #54,Socrates
God is dead. God remains dead. And we have killed him. #54,Friedrich Nietzsche
Liberty is the freedom to say that two plus two make four. #54,George Orwell
"We are what we repeatedly do. Excellence, then, is not an act, but a habit. #54",Aristotle
The unexamined life is not worth living. #55,Socrates
Happiness depends upon ourselves. #55,Aristotle
Life must be understood backward. But it must be lived forward. #55,Søren Kierkegaard
He who has a why to live can bear almost any how. #55,Friedrich Nietzsche
"I think, therefore I am. #55",René Descartes
Man is condemned to be free. #55,Jean-Paul Sartre
The only thing I know is that I know nothing. #55,Socrates
God is dead. God remains dead. And we have killed him. #55,Friedrich Nietzsche
Liberty is the freedom to say that two plus two make four. #55,George Orwell
"We are what we repeatedly do. Excellence, then, is not an act, but a habit. #55",Aristotle
The unexamined life is not worth living. #56,Socrates
Happiness depends upon ourselves. #56,Aristotle
Life must be understood backward. But it must be lived forward. #56,Søren Kierkegaard
He who has a why to live can bear almost any how. #56,Friedrich Nietzsche
"I think, therefore I am. #56",René Descartes
Man is condemned to be free. #56,Jean-Paul Sartre
The only thing I know is that I know nothing. #56,Socrates
God is dead. God remains dead. And we have killed him. #56,Friedrich Nietzsche
Liberty is the freedom to say that two plus two make four. #56,George Orwell
"We are what we repeatedly do. Excellence, then, is not an act, but a habit. #56",Aristotle
The unexamined life is not worth living. #57,Socrates
Happiness depends upon ourselves. #57,Aristotle
Life must be understood backward. But it must be lived forward. #57,Søren Kierkegaard
He who has a why to live can bear almost any how. #57,Friedrich Nietzsche
"I think, therefore I am. #57",René Descartes
Man is condemned to be free. #57,Jean-Paul Sartre
The only thing I know is that I know nothing. #57,Socrates
God is dead. God remains dead. And we have killed him. #57,Friedrich Nietzsche
Liberty is the freedom to say that two plus two make four. #57,George Orwell
"We are what we repeatedly do. Excellence, then, is not an act, but a habit. #57",Aristotle
The unexamined life is not worth living. #58,Socrates
Happiness depends upon ourselves. #58,Aristotle
Life must be understood backward. But it must be lived forward. #58,Søren Kierkegaard
He who has a why to live can bear almost any how. #58,Friedrich Nietzsche
"I think, therefore I am. #58",René Descartes
Man is condemned to be free. #58,Jean-Paul Sartre
The only thing I know is that I know nothing. #58,Socrates
God is dead. God remains dead. And we have killed him. #58,Friedrich Nietzsche
Liberty is the freedom to say that two plus two make four. #58,George Orwell
"We are what we repeatedly do. Excellence, then, is not an act, but a habit. #58",Aristotle
The unexamined life is not worth living. #59,Socrates
Happiness depends upon ourselves. #59,Aristotle
Life must be understood backward. But it must be lived forward. #59,Søren Kierkegaard
He who has a why to live can bear almost any how. #59,Friedrich Nietzsche
"I think, therefore I am. #59",René Descartes
Man is condemned to be free. #59,Jean-Paul Sartre
The only thing I know is that I know nothing. #59,Socrates
God is dead. God remains dead. And we have killed him. #59,Friedrich Nietzsche
Liberty is the freedom to say that two plus two make four. #59,George Orwell
"We are what we repeatedly do. Excellence, then, is not an act, but a habit. #59",Aristotle
The unexamined life is not worth living. #60,Socrates
Happiness depends upon ourselves. #60,Aristotle
Life must be understood backward. But it must be lived forward. #60,Søren Kierkegaard
He who has a why to live can bear almost any how. #60,Friedrich Nietzsche
"I think, therefore I am. #60",René Descartes
Man is condemned to be free. #60,Jean-Paul Sartre
The only thing I know is that I know nothing. #60,Socrates
God is dead. God remains dead. And we have killed him. #60,Friedrich Nietzsche
Liberty is the freedom to say that two plus two make four. #60,George Orwell
"We are what we repeatedly do. Excellence, then, is not an act, but a habit. #60",Aristotle
The unexamined life is not worth living. #61,Socrates
Happiness depends upon ourselves. #61,Aristotle
Life must be understood backward. But it must be lived forward. #61,Søren Kierkegaard
He who has a why to live can bear almost any how. #61,Friedrich Nietzsche
"I think, therefore I am. #61",René Descartes
Man is condemned to be free. #61,Jean-Paul Sartre
The only thing I know is that I know nothing. #61,Socrates
God is dead. God remains dead. And we have killed him. #61,Friedrich Nietzsche
Liberty is the freedom to say that two plus two make four. #61,George Orwell
"We are what we repeatedly do. Excellence, then, is not an act, but a habit. #61",Aristotle
The unexamined life is not worth living. #62,Socrates
Happiness depends upon ourselves. #62,Aristotle
Life must be understood backward. But it must be lived forward. #62,Søren Kierkegaard
He who has a why to live can bear almost any how. #62,Friedrich Nietzsche
"I think, therefore I am. #62",René Descartes
Man is condemned to be free. #62,Jean-Paul Sartre
The only thing I know is that I know nothing. #62,Socrates
God is dead. God remains dead. And we have killed him. #62,Friedrich Nietzsche
Liberty is the freedom to say that two plus two make four. #62,George Orwell
"We are what we repeatedly do. Excellence, then, is not an act, but a habit. #62",Aristotle
The unexamined life is not worth living. #63,Socrates
Happiness depends upon ourselves. #63,Aristotle
Life must be understood backward. But it must be lived forward. #63,Søren Kierkegaard
He who has a why to live can bear almost any how. #63,Friedrich Nietzsche
"I think, therefore I am. #63",René Descartes
Man is condemned to be free. #63,Jean-Paul Sartre
The only thing I know is that I know nothing. #63,Socrates
God is dead. God remains dead. And we have killed him. #63,Friedrich Nietzsche
Liberty is the freedom to say that two plus two make four. #63,George Orwell
"We are what we repeatedly do. Excellence, then, is not an act, but a habit. #63",Aristotle
The unexamined life is not worth living. #64,Socrates
Happiness depends upon ourselves. #64,Aristotle
Life must be understood backward. But it must be lived forward. #64,Søren Kierkegaard
He who has a why to live can bear almost any how. #64,Friedrich Nietzsche
"I think, therefore I am. #64",René Descartes
Man is condemned to be free. #64,Jean-Paul Sartre
The only thing I know is that I know nothing. #64,Socrates
God is dead. God remains dead. And we have killed him. #64,Friedrich Nietzsche
Liberty is the freedom to say that two plus two make four. #64,George Orwell
"We are what we repeatedly do. Excellence, then, is not an act, but a habit. #64",Aristotle
The unexamined life is not worth living. #65,Socrates
Happiness depends upon ourselves. #65,Aristotle
Life must be understood backward. But it must be lived forward. #65,Søren Kierkegaard
He who has a why to live can bear almost any how. #65,Friedrich Nietzsche
"I think, therefore I am. #65",René Descartes
Man is condemned to be free. #65,Jean-Paul Sartre
The only thing I know is that I know nothing. #65,Socrates
God is dead. God remains dead. And we have killed him. #65,Friedrich Nietzsche
Liberty is the freedom to say that two plus two make four. #65,George Orwell
"We are what we repeatedly do. Excellence, then, is not an act, but a habit. #65",Aristotle
The unexamined life is not worth living. #66,Socrates
Happiness depends upon ourselves. #66,Aristotle
Life must be understood backward. But it must be lived forward. #66,Søren Kierkegaard
He who has a why to live can bear almost any how. #66,Friedrich Nietzsche
"I think, therefore I am. #66",René Descartes
Man is condemned to be free. #66,Jean-Paul Sartre
The only thing I know is that I know nothing. #66,Socrates
God is dead. God remains dead. And we have killed him. #66,Friedrich Nietzsche
Liberty is the freedom to say that two plus two make four. #66,George Orwell
"We are what we repeatedly do. Excellence, then, is not an act, but a habit. #66",Aristotle
The unexamined life is not worth living. #67,Socrates
Happiness depends upon ourselves. #67,Aristotle
Life must be understood backward. But it must be lived forward. #67,Søren Kierkegaard
He who has a why to live can bear almost any how. #67,Friedrich Nietzsche
"I think, therefore I am. #67",René Descartes
Man is condemned to be free. #67,Jean-Paul Sartre
The only thing I know is that I know nothing. #67,Socrates
God is dead. God remains dead. And we have killed him. #67,Friedrich Nietzsche
Liberty is the freedom to say that two plus two make four. #67,George Orwell
"We are what we repeatedly do. Excellence, then, is not an act, but a habit. #67",Aristotle
The unexamined life is not worth living. #68,Socrates
Happiness depends upon ourselves. #68,Aristotle
Life must be understood backward. But it must be lived forward. #68,Søren Kierkegaard
He who has a why to live can bear almost any how. #68,Friedrich Nietzsche
"I think, therefore I am. #68",René Descartes
Man is condemned to be free. #68,Jean-Paul Sartre
The only thing I know is that I know nothing. #68,Socrates
God is dead. God remains dead. And we have killed him. #68,Friedrich Nietzsche
Liberty is the freedom to say that two plus two make four. #68,George Orwell
"We are what we repeatedly do. Excellence, then, is not an act, but a habit. #68",Aristotle
The unexamined life is not worth living. #69,Socrates
Happiness depends upon ourselves. #69,Aristotle
Life must be understood backward. But it must be lived forward. #69,Søren Kierkegaard
He who has a why to live can bear almost any how. #69,Friedrich Nietzsche
"I think, therefore I am. #69",René Descartes
Man is condemned to be free. #69,Jean-Paul Sartre
The only thing I know is that I know nothing. #69,Socrates
God is dead. God remains dead. And we have killed him. #69,Friedrich Nietzsche
Liberty is the freedom to say that two plus two make four. #69,George Orwell
"We are what we repeatedly do. Excellence, then, is not an act, but a habit. #69",Aristotle
The unexamined life is not worth living. #70,Socrates
Happiness depends upon ourselves. #70,Aristotle
Life must be understood backward. But it must be lived forward. #70,Søren Kierkegaard
He who has a why to live can bear almost any how. #70,Friedrich Nietzsche
"I think, therefore I am. #70",René Descartes
Man is condemned to be free. #70,Jean-Paul Sartre
The only thing I know is that I know nothing. #70,Socrates
God is dead. God remains dead. And we have killed him. #70,Friedrich Nietzsche
Liberty is the freedom to say that two plus two make four. #70,George Orwell
"We are what we repeatedly do. Excellence, then, is not an act, but a habit. #70",Aristotle
The unexamined life is not worth living. #71,Socrates
Happiness depends upon ourselves. #71,Aristotle
Life must be understood backward. But it must be lived forward. #71,Søren Kierkegaard
He who has a why to live can bear almost any how. #71,Friedrich Nietzsche
"I think, therefore I am. #71",René Descartes
Man is condemned to be free. #71,Jean-Paul Sartre
The only thing I know is that I know nothing. #71,Socrates
God is dead. God remains dead. And we have killed him. #71,Friedrich Nietzsche
Liberty is the freedom to say that two plus two make four. #71,George Orwell
"We are what we repeatedly do. Excellence, then, is not an act, but a habit. #71",Aristotle
The unexamined life is not worth living. #72,Socrates
Happiness depends upon ourselves. #72,Aristotle
Life must be understood backward. But it must be lived forward. #72,Søren Kierkegaard
He who has a why to live can bear almost any how. #72,Friedrich Nietzsche
"I think, therefore I am. #72",René Descartes
Man is condemned to be free. #72,Jean-Paul Sartre
The only thing I know is that I know nothing. #72,Socrates
God is dead. God remains dead. And we have killed him. #72,Friedrich Nietzsche
Liberty is the freedom to say that two plus two make four. #72,George Orwell
"We are what we repeatedly do. Excellence, then, is not an act, but a habit. #72",Aristotle
The unexamined life is not worth living. #73,Socrates
Happiness depends upon ourselves. #73,Aristotle
Life must be understood backward. But it must be lived forward. #73,Søren Kierkegaard
He who has a why to live can bear almost any how. #73,Friedrich Nietzsche
"I think, therefore I am. #73",René Descartes
Man is condemned to be free. #73,Jean-Paul Sartre
The only thing I know is that I know nothing. #73,Socrates
God is dead. God remains dead. And we have killed him. #73,Friedrich Nietzsche
Liberty is the freedom to say that two plus two make four. #73,George Orwell
"We are what we repeatedly do. Excellence, then, is not an act, but a habit. #73",Aristotle
The unexamined life is not worth living. #74,Socrates
Happiness depends upon ourselves. #74,Aristotle
Life must be understood backward. But it must be lived forward. #74,Søren Kierkegaard
He who has a why to live can bear almost any how. #74,Friedrich Nietzsche
"I think, therefore I am. #74",René Descartes
Man is condemned to be free. #74,Jean-Paul Sartre
The only thing I know is that I know nothing. #74,Socrates
God is dead. God remains dead. And we have killed him. #74,Friedrich Nietzsche
Liberty is the freedom to say that two plus two make four. #74,George Orwell
"We are what we repeatedly do. Excellence, then, is not an act, but a habit. #74",Aristotle
The unexamined life is not worth living. #75,Socrates
Happiness depends upon ourselves. #75,Aristotle
Life must be understood backward. But it must be lived forward. #75,Søren Kierkegaard
He who has a why to live can bear almost any how. #75,Friedrich Nietzsche
"I think, therefore I am. #75",René Descartes
Man is condemned to be free. #75,Jean-Paul Sartre
The only thing I know is that I know nothing. #75,Socrates
God is dead. God remains dead. And we have killed him. #75,Friedrich Nietzsche
Liberty is the freedom to say that two plus two make four. #75,George Orwell
"We are what we repeatedly do. Excellence, then, is not an act, but a habit. #75",Aristotle
The unexamined life is not worth living. #76,Socrates
Happiness depends upon ourselves. #76,Aristotle
Life must be understood backward. But it must be lived forward. #76,Søren Kierkegaard
He who has a why to live can bear almost any how. #76,Friedrich Nietzsche
"I think, therefore I am. #76",René Descartes
Man is condemned to be free. #76,Jean-Paul Sartre
The only thing I know is that I know nothing. #76,Socrates
God is dead. God remains dead. And we have killed him. #76,Friedrich Nietzsche
Liberty is the freedom to say that two plus two make four. #76,George Orwell
"We are what we repeatedly do. Excellence, then, is not an act, but a habit. #76",Aristotle
The unexamined life is not worth living. #77,Socrates
Happiness depends upon ourselves. #77,Aristotle
Life must be understood backward. But it must be lived forward. #77,Søren Kierkegaard
He who has a why to live can bear almost any how. #77,Friedrich Nietzsche
"I think, therefore I am. #77",René Descartes
Man is condemned to be free. #77,Jean-Paul Sartre
The only thing I know is that I know nothing. #77,Socrates
God is dead. God remains dead. And we have killed him. #77,Friedrich Nietzsche
Liberty is the freedom to say that two plus two make four. #77,George Orwell
"We are what we repeatedly do. Excellence, then, is not an act, but a habit. #77",Aristotle
The unexamined life is not worth living. #78,Socrates
Happiness depends upon ourselves. #78,Aristotle
Life must be understood backward. But it must be lived forward. #78,Søren Kierkegaard
He who has a why to live can bear almost any how. #78,Friedrich Nietzsche
"I think, therefore I am. #78",René Descartes
Man is condemned to be free. #78,Jean-Paul Sartre
The only thing I know is that I know nothing. #78,Socrates
God is dead. God remains dead. And we have killed him. #78,Friedrich Nietzsche
Liberty is the freedom to say that two plus two make four. #78,George Orwell
"We are what we repeatedly do. Excellence, then, is not an act, but a habit. #78",Aristotle
The unexamined life is not worth living. #79,Socrates
Happiness depends upon ourselves. #79,Aristotle
Life must be understood backward. But it must be lived forward. #79,Søren Kierkegaard
He who has a why to live can bear almost any how. #79,Friedrich Nietzsche
"I think, therefore I am. #79",René Descartes
Man is condemned to be free. #79,Jean-Paul Sartre
The only thing I know is that I know nothing. #79,Socrates
God is dead. God remains dead. And we have killed him. #79,Friedrich Nietzsche
Liberty is the freedom to say that two plus two make four. #79,George Orwell
"We are what we repeatedly do. Excellence, then, is not an act, but a habit. #79",Aristotle
The unexamined life is not worth living. #80,Socrates
Happiness depends upon ourselves. #80,Aristotle
Life must be understood backward. But it must be lived forward. #80,Søren Kierkegaard
He who has a why to live can bear almost any how. #80,Friedrich Nietzsche
"I think, therefore I am. #80",René Descartes
Man is condemned to be free. #80,Jean-Paul Sartre
The only thing I know is that I know nothing. #80,Socrates
God is dead. God remains dead. And we have killed him. #80,Friedrich Nietzsche
Liberty is the freedom to say that two plus two make four. #80,George Orwell
"We are what we repeatedly do. Excellence, then, is not an act, but a habit. #80",Aristotle
The unexamined life is not worth living. #81,Socrates
Happiness depends upon ourselves. #81,Aristotle
Life must be understood backward. But it must be lived forward. #81,Søren Kierkegaard
He who has a why to live can bear almost any how. #81,Friedrich Nietzsche
"I think, therefore I am. #81",René Descartes
Man is condemned to be free. #81,Jean-Paul Sartre
The only thing I know is that I know nothing. #81,Socrates
God is dead. God remains dead. And we have killed him. #81,Friedrich Nietzsche
Liberty is the freedom to say that two plus two make four. #81,George Orwell
"We are what we repeatedly do. Excellence, then, is not an act, but a habit. #81",Aristotle
The unexamined life is not worth living. #82,Socrates
Happiness depends upon ourselves. #82,Aristotle
Life must be understood backward. But it must be lived forward. #82,Søren Kierkegaard
He who has a why to live can bear almost any how. #82,Friedrich Nietzsche
"I think, therefore I am. #82",René Descartes
Man is condemned to be free. #82,Jean-Paul Sartre
The only thing I know is that I know nothing. #82,Socrates
God is dead. God remains dead. And we have killed him. #82,Friedrich Nietzsche
Liberty is the freedom to say that two plus two make four. #82,George Orwell
"We are what we repeatedly do. Excellence, then, is not an act, but a habit. #82",Aristotle
The unexamined life is not worth living. #83,Socrates
Happiness depends upon ourselves. #83,Aristotle
Life must be understood backward. But it must be lived forward. #83,Søren Kierkegaard
He who has a why to live can bear almost any how. #83,Friedrich Nietzsche
"I think, therefore I am. #83",René Descartes
Man is condemned to be free. #83,Jean-Paul Sartre
The only thing I know is that I know nothing. #83,Socrates
God is dead. God remains dead. And we have killed him. #83,Friedrich Nietzsche
Liberty is the freedom to say that two plus two make four. #83,George Orwell
"We are what we repeatedly do. Excellence, then, is not an act, but a habit. #83",Aristotle
The unexamined life is not worth living. #84,Socrates
Happiness depends upon ourselves. #84,Aristotle
Life must be understood backward. But it must be lived forward. #84,Søren Kierkegaard
He who has a why to live can bear almost any how. #84,Friedrich Nietzsche
"I think, therefore I am. #84",René Descartes
Man is condemned to be free. #84,Jean-Paul Sartre
The only thing I know is that I know nothing. #84,Socrates
God is dead. God remains dead. And we have killed him. #84,Friedrich Nietzsche
Liberty is the freedom to say that two plus two make four. #84,George Orwell
"We are what we repeatedly do. Excellence, then, is not an act, but a habit. #84",Aristotle
The unexamined life is not worth living. #85,Socrates
Happiness depends upon ourselves. #85,Aristotle
Life must be understood backward. But it must be lived forward. #85,Søren Kierkegaard
He who has a why to live can bear almost any how. #85,Friedrich Nietzsche
"I think, therefore I am. #85",René Descartes
Man is condemned to be free. #85,Jean-Paul Sartre
The only thing I know is that I know nothing. #85,Socrates
God is dead. God remains dead. And we have killed him. #85,Friedrich Nietzsche
Liberty is the freedom to say that two plus two make four. #85,George Orwell
"We are what we repeatedly do. Excellence, then, is not an act, but a habit. #85",Aristotle
The unexamined life is not worth living. #86,Socrates
Happiness depends upon ourselves. #86,Aristotle
Life must be understood backward. But it must be lived forward. #86,Søren Kierkegaard
He who has a why to live can bear almost any how. #86,Friedrich Nietzsche
"I think, therefore I am. #86",René Descartes
Man is condemned to be free. #86,Jean-Paul Sartre
The only thing I know is that I know nothing. #86,Socrates
God is dead. God remains dead. And we have killed him. #86,Friedrich Nietzsche
Liberty is the freedom to say that two plus two make four. #86,George Orwell
"We are what we repeatedly do. Excellence, then, is not an act, but a habit. #86",Aristotle
The unexamined life is not worth living. #87,Socrates
Happiness depends upon ourselves. #87,Aristotle
Life must be understood backward. But it must be lived forward. #87,Søren Kierkegaard
He who has a why to live can bear almost any how. #87,Friedrich Nietzsche
"I think, therefore I am. #87",René Descartes
Man is condemned to be free. #87,Jean-Paul Sartre
The only thing I know is that I know nothing. #87,Socrates
God is dead. God remains dead. And we have killed him. #87,Friedrich Nietzsche
Liberty is the freedom to say that two plus two make four. #87,George Orwell
"We are what we repeatedly do. Excellence, then, is not an act, but a habit. #87",Aristotle
The unexamined life is not worth living. #88,Socrates
Happiness depends upon ourselves. #88,Aristotle
Life must be understood backward. But it must be lived forward. #88,Søren Kierkegaard
He who has a why to live can bear almost any how. #88,Friedrich Nietzsche
"I think, therefore I am. #88",René Descartes
Man is condemned to be free. #88,Jean-Paul Sartre
The only thing I know is that I know nothing. #88,Socrates
God is dead. God remains dead. And we have killed him. #88,Friedrich Nietzsche
Liberty is the freedom to say that two plus two make four. #88,George Orwell
"We are what we repeatedly do. Excellence, then, is not an act, but a habit. #88",Aristotle
The unexamined life is not worth living. #89,Socrates
Happiness depends upon ourselves. #89,Aristotle
Life must be understood backward. But it must be lived forward. #89,Søren Kierkegaard
He who has a why to live can bear almost any how. #89,Friedrich Nietzsche
"I think, therefore I am. #89",René Descartes
Man is condemned to be free. #89,Jean-Paul Sartre
The only thing I know is that I know nothing. #89,Socrates
God is dead. God remains dead. And we have killed him. #89,Friedrich Nietzsche
Liberty is the freedom to say that two plus two make four. #89,George Orwell
"We are what we repeatedly do. Excellence, then, is not an act, but a habit. #89",Aristotle
The unexamined life is not worth living. #90,Socrates
Happiness depends upon ourselves. #90,Aristotle
Life must be understood backward. But it must be lived forward. #90,Søren Kierkegaard
He who has a why to live can bear almost any how. #90,Friedrich Nietzsche
"I think, therefore I am. #90",René Descartes
Man is condemned to be free. #90,Jean-Paul Sartre
The only thing I know is that I know nothing. #90,Socrates
God is dead. God remains dead. And we have killed him. #90,Friedrich Nietzsche
Liberty is the freedom to say that two plus two make four. #90,George Orwell
"We are what we repeatedly do. Excellence, then, is not an act, but a habit. #90",Aristotle
The unexamined life is not worth living. #91,Socrates
Happiness depends upon ourselves. #91,Aristotle
Life must be understood backward. But it must be lived forward. #91,Søren Kierkegaard
He who has a why to live can bear almost any how. #91,Friedrich Nietzsche
"I think, therefore I am. #91",René Descartes
Man is condemned to be free. #91,Jean-Paul Sartre
The only thing I know is that I know nothing. #91,Socrates
God is dead. God remains dead. And we have killed him. #91,Friedrich Nietzsche
Liberty is the freedom to say that two plus two make four. #91,George Orwell
"We are what we repeatedly do. Excellence, then, is not an act, but a habit. #91",Aristotle
The unexamined life is not worth living. #92,Socrates
Happiness depends upon ourselves. #92,Aristotle
Life must be understood backward. But it must be lived forward. #92,Søren Kierkegaard
He who has a why to live can bear almost any how. #92,Friedrich Nietzsche
"I think, therefore I am. #92",René Descartes
Man is condemned to be free. #92,Jean-Paul Sartre
The only thing I know is that I know nothing. #92,Socrates
God is dead. God remains dead. And we have killed him. #92,Friedrich Nietzsche
Liberty is the freedom to say that two plus two make four. #92,George Orwell
"We are what we repeatedly do. Excellence, then, is not an act, but a habit. #92",Aristotle
The unexamined life is not worth living. #93,Socrates
Happiness depends upon ourselves. #93,Aristotle
Life must be understood backward. But it must be lived forward. #93,Søren Kierkegaard
He who has a why to live can bear almost any how. #93,Friedrich Nietzsche
"I think, therefore I am. #93",René Descartes
Man is condemned to be free. #93,Jean-Paul Sartre
The only thing I know is that I know nothing. #93,Socrates
God is dead. God remains dead. And we have killed him. #93,Friedrich Nietzsche
Liberty is the freedom to say that two plus two make four. #93,George Orwell
"We are what we repeatedly do. Excellence, then, is not an act, but a habit. #93",Aristotle
The unexamined life is not worth living. #94,Socrates
Happiness depends upon ourselves. #94,Aristotle
Life must be understood backward. But it must be lived forward. #94,Søren Kierkegaard
He who has a why to live can bear almost any how. #94,Friedrich Nietzsche
"I think, therefore I am. #94",René Descartes
Man is condemned to be free. #94,Jean-Paul Sartre
The only thing I know is that I know nothing. #94,Socrates
God is dead. God remains dead. And we have killed him. #94,Friedrich Nietzsche
Liberty is the freedom to say that two plus two make four. #94,George Orwell
"We are what we repeatedly do. Excellence, then, is not an act, but a habit. #94",Aristotle
The unexamined life is not worth living. #95,Socrates
Happiness depends upon ourselves. #95,Aristotle
Life must be understood backward. But it must be lived forward. #95,Søren Kierkegaard
He who has a why to live can bear almost any how. #95,Friedrich Nietzsche
"I think, therefore I am. #95",René Descartes
Man is condemned to be free. #95,Jean-Paul Sartre
The only thing I know is that I know nothing. #95,Socrates
God is dead. God remains dead. And we have killed him. #95,Friedrich Nietzsche
Liberty is the freedom to say that two plus two make four. #95,George Orwell
"We are what we repeatedly do. Excellence, then, is not an act, but a habit. #95",Aristotle
The unexamined life is not worth living. #96,Socrates
Happiness depends upon ourselves. #96,Aristotle
Life must be understood backward. But it must be lived forward. #96,Søren Kierkegaard
He who has a why to live can bear almost any how. #96,Friedrich Nietzsche
"I think, therefore I am. #96",René Descartes
Man is condemned to be free. #96,Jean-Paul Sartre
The only thing I know is that I know nothing. #96,Socrates
God is dead. God remains dead. And we have killed him. #96,Friedrich Nietzsche
Liberty is the freedom to say that two plus two make four. #96,George Orwell
"We are what we repeatedly do. Excellence, then, is not an act, but a habit. #96",Aristotle
The unexamined life is not worth living. #97,Socrates
Happiness depends upon ourselves. #97,Aristotle
Life must be understood backward. But it must be lived forward. #97,Søren Kierkegaard
He who has a why to live can bear almost any how. #97,Friedrich Nietzsche
"I think, therefore I am. #97",René Descartes
Man is condemned to be free. #97,Jean-Paul Sartre
The only thing I know is that I know nothing. #97,Socrates
God is dead. God remains dead. And we have killed him. #97,Friedrich Nietzsche
Liberty is the freedom to say that two plus two make four. #97,George Orwell
"We are what we repeatedly do. Excellence, then, is not an act, but a habit. #97",Aristotle
The unexamined life is not worth living. #98,Socrates
Happiness depends upon ourselves. #98,Aristotle
Life must be understood backward. But it must be lived forward. #98,Søren Kierkegaard
He who has a why to live can bear almost any how. #98,Friedrich Nietzsche
"I think, therefore I am. #98",René Descartes
Man is condemned to be free. #98,Jean-Paul Sartre
The only thing I know is that I know nothing. #98,Socrates
God is dead. God remains dead. And we have killed him. #98,Friedrich Nietzsche
Liberty is the freedom to say that two plus two make four. #98,George Orwell
"We are what we repeatedly do. Excellence, then, is not an act, but a habit. #98",Aristotle
The unexamined life is not worth living. #99,Socrates
Happiness depends upon ourselves. #99,Aristotle
Life must be understood backward. But it must be lived forward. #99,Søren Kierkegaard
He who has a why to live can bear almost any how. #99,Friedrich Nietzsche
"I think, therefore I am. #99",René Descartes
Man is condemned to be free. #99,Jean-Paul Sartre
The only thing I know is that I know nothing. #99,Socrates
God is dead. God remains dead. And we have killed him. #99,Friedrich Nietzsche
Liberty is the freedom to say that two plus two make four. #99,George Orwell
"We are what we repeatedly do. Excellence, then, is not an act, but a habit. #99",Aristotle
The unexamined life is not worth living. #100,Socrates
Happiness depends upon ourselves. #100,Aristotle
Life must be understood backward. But it must be lived forward. #100,Søren Kierkegaard
He who has a why to live can bear almost any how. #100,Friedrich Nietzsche
"I think, therefore I am. #100",René Descartes
Man is condemned to be free. #100,Jean-Paul Sartre
The only thing I know is that I know nothing. #100,Socrates
God is dead. God remains dead. And we have killed him. #100,Friedrich Nietzsche
Liberty is the freedom to say that two plus two make four. #100,George Orwell
"We are what we repeatedly do. Excellence, then, is not an act, but a habit. #100",Aristotle
